1.csv,284379,5469067
2.csv,287602,5436698
3.csv,290108,5442879
4.csv,291035,5442516
5.csv,282335,5454116
6.csv,290487,5459007
7.csv,289849,5465227
8.csv,289762,5458545
9.csv,285771,5454627
10.csv,289955,5509325
11.csv,278519,5467070
12.csv,285584,5514850
13.csv,288471,5511963
14.csv,284736,5513952
15.csv,276981,5483314
full_datapathcontrol.png,110525,5478991
handout.pdf,48696,5448096
Lecture_set_01.odp,9596614,6468027
Lecture_set_04.odp,788044,5517016
Lecture_set_07.pdf,1516108,5625028
pipeline.jpg,75038,5486064
